year,prediction
2022,[[2403161.9540813]]
2023,[[2483925.24059489]]
